"labelID","issueID","modified","created"
kYiAYKfppxHQ0d2W1jLSp,A6JEvOx1Lpj5qQgiy0_R-,1722450720000,1722450712000
kYiAYKfppxHQ0d2W1jLSp,dSHOxE86nkbGafajdd1ew,1722332514000,1722332514000
ic_g-DZTYDApZR_v7Cdcy,Fv76FHJw6xEfMDZfRd0uv,1719261305000,1719261305000
_zR19hEST16-OJNP7ZvOM,Fv76FHJw6xEfMDZfRd0uv,1719261305000,1719261305000
_zR19hEST16-OJNP7ZvOM,_6cIk1pH24n6nmJ5sI6Ar,1718613057000,1718613057000
"7C_eVnz1U9KIjMIPKoXTF",gW4A4-tVeA0e0YrSsYLqX,1716811440000,1716811440000
ic_g-DZTYDApZR_v7Cdcy,Lo98nXz8eCj624qfhyfMd,1716811486000,1715675567000
"7C_eVnz1U9KIjMIPKoXTF",Lo98nXz8eCj624qfhyfMd,1716811486000,1715675567000
ic_g-DZTYDApZR_v7Cdcy,Wh3BGUvDYTfCdTKsUm4aw,1716564397000,1715192998000
"7C_eVnz1U9KIjMIPKoXTF","02kEEyJGmES9OjXXAkyBA",1715649261000,1714484962000
"7C_eVnz1U9KIjMIPKoXTF",SihBUomWCf-ksK8hBvy6p,1714760950000,1714155182000
"7C_eVnz1U9KIjMIPKoXTF",AuiUsUv4Q9XFVqfbGlx9U,1714157742000,1714130250000
"7C_eVnz1U9KIjMIPKoXTF",GUIB-n9eAZy82_FZ_c2Ww,1714429076000,1714066521000
"7C_eVnz1U9KIjMIPKoXTF",HEQKdh59ynsn-lscZfHAr,1714034881000,1714034881000
"7C_eVnz1U9KIjMIPKoXTF",Ug-22TAa01jHLgsN5C_4B,1715193127000,1714004632000
_zR19hEST16-OJNP7ZvOM,Aoa5PXN4vkXX5z_Wb9M5W,1710962933000,1710962932000
kYiAYKfppxHQ0d2W1jLSp,WnlHcMY3_QYYPJYKfvLOZ,1710489884000,1710488861000
_zR19hEST16-OJNP7ZvOM,"1M1sj4szpJElpkdR4Wo0F",1708950746000,1708948359000
_zR19hEST16-OJNP7ZvOM,cwteAankkXYTAV4nfFi5S,1708940240000,1708940235000
_zR19hEST16-OJNP7ZvOM,V3uumaQ83jP-yQAPkxUyc,1709537138000,1708938736000
_zR19hEST16-OJNP7ZvOM,U5pWKpe7w-EekKWr7e2VZ,1709537152000,1708938663000
RrCoQX185mFruFd__iRxi,GInRIPj0w4RGU9O5LZylY,1709681779000,1708746279000
_zR19hEST16-OJNP7ZvOM,-qM7gov1mBTYHPBpDoq2e,1707388515000,1707388515000
lBKeew-TH9Q1xk7a31D-B,JMNwL7DMGjz9qr2Xy9cxn,1707388353000,1707388352000
_zR19hEST16-OJNP7ZvOM,JMNwL7DMGjz9qr2Xy9cxn,1707388353000,1707388352000
ic_g-DZTYDApZR_v7Cdcy,nwQPt2rxZRrSXCFAWYABs,1707395741000,1706622320000
_zR19hEST16-OJNP7ZvOM,nwQPt2rxZRrSXCFAWYABs,1707395741000,1706622320000
RrCoQX185mFruFd__iRxi,"5j1c8cgCbdgbXQ9WwZfht",1709537194000,1704937088000
O7X5bSqpNXbqa59XH4PC5,NVKnZm0EqOibdtJUTUzvk,1702663040000,1702663001000
BAmj4o_MMK6jQtdIWu0dl,NVKnZm0EqOibdtJUTUzvk,1702663040000,1702663001000
_zR19hEST16-OJNP7ZvOM,NVKnZm0EqOibdtJUTUzvk,1702663040000,1702663001000
O7X5bSqpNXbqa59XH4PC5,HE7AguYesQrepmpLZXU90,1705337488000,1702662369000
_zR19hEST16-OJNP7ZvOM,K9bUxS6ifgHMMA3zpkldG,1709537218000,1702637807000
_zR19hEST16-OJNP7ZvOM,v5A83jMmbjIminWCA9I9U,1709537245000,1701431420000
_zR19hEST16-OJNP7ZvOM,a7fP1sZUkwWCBki6j7WRe,1709537245000,1697727821000
_zR19hEST16-OJNP7ZvOM,THQZZNKQcXBKWFHL_cis7,1709537264000,1697566191000
ic_g-DZTYDApZR_v7Cdcy,jJd3-dXu2nheL40kaBR3x,1695373060000,1695301277000
O7X5bSqpNXbqa59XH4PC5,jJd3-dXu2nheL40kaBR3x,1695373060000,1695301277000
kYiAYKfppxHQ0d2W1jLSp,jJd3-dXu2nheL40kaBR3x,1695373060000,1695301277000
_zR19hEST16-OJNP7ZvOM,X3l7WaurF55GePP0sLJmh,1709537289000,1695146703000
kYiAYKfppxHQ0d2W1jLSp,rdusQ_QfKBY14U2RAr04X,1709537120000,1691542142000
_zR19hEST16-OJNP7ZvOM,H1CChLY9exEX7igHpZMaX,1709537340000,1691465582000
_zR19hEST16-OJNP7ZvOM,waY6st2l7-J3GW0mawypv,1690852014000,1690852003000
_zR19hEST16-OJNP7ZvOM,Yfoz9WZxoQFBshtfKs-0g,1709537366000,1690584817000
kYiAYKfppxHQ0d2W1jLSp,"0PGwUHDk4LqigVDlDaMJd",1710163848000,1690493550000
_zR19hEST16-OJNP7ZvOM,zWTHSpDpcGeNMapE40Id6,1709537365000,1690396255000
kYiAYKfppxHQ0d2W1jLSp,zaQ1rxulr8tkM_dbmpq6H,1709536134000,1690343549000
_zR19hEST16-OJNP7ZvOM,reOMvq5qspEnL3yYyrswb,1697008646000,1690285725000
_zR19hEST16-OJNP7ZvOM,v2ed6dz-Na0p9ZmloZBir,1709537365000,1690222687000
_zR19hEST16-OJNP7ZvOM,u-lfNFiLXJRj2_E5XmoLk,1709537364000,1689705548000
kYiAYKfppxHQ0d2W1jLSp,jevoTlhabxVRkXuDbPVjK,1710026568000,1689230868000
kYiAYKfppxHQ0d2W1jLSp,nX6Ty8TT2ggpam2E1pqad,1689277411000,1689228715000
_zR19hEST16-OJNP7ZvOM,eLdyfZP3th1jJmzZxS_R-,1709537380000,1689207055000
RrCoQX185mFruFd__iRxi,RWM0Ij3ALI6mTA5l7At0A,1689276172000,1689187465000
"8I74WymPStQmYR5qH0qhL",dIUIl0AyAS099CO8M-a1o,1709536961000,1688755561000
YF4G744_sJxg1hbAA1k4X,dIUIl0AyAS099CO8M-a1o,1709536961000,1688755561000
_zR19hEST16-OJNP7ZvOM,dIUIl0AyAS099CO8M-a1o,1709536961000,1688755561000
RrCoQX185mFruFd__iRxi,GcG6tP5TSs9Sg6YaQElnO,1688632750000,1688632750000
YF4G744_sJxg1hbAA1k4X,pZ11EgiQRZFsu-WEK6Det,1709536236000,1687162547000
O7X5bSqpNXbqa59XH4PC5,pZ11EgiQRZFsu-WEK6Det,1709536236000,1687162547000
kYiAYKfppxHQ0d2W1jLSp,pZ11EgiQRZFsu-WEK6Det,1709536236000,1687162547000
HyxMx-13tDaRyOXecI6Rz,GVkdnxtXN2bBzlaZsLG_v,1686850051000,1686850024000
_zR19hEST16-OJNP7ZvOM,AHrj7iDzz_Vo8YRsq8uz4,1709537486000,1686577181000
_zR19hEST16-OJNP7ZvOM,"8yCQ65_2H0D80hgfMlZHc",1709537485000,1685638992000
HyxMx-13tDaRyOXecI6Rz,wcchWo_CFGlyYnr8yB2u1,1685127716000,1685127702000
_zR19hEST16-OJNP7ZvOM,wcchWo_CFGlyYnr8yB2u1,1685127716000,1685127702000
_zR19hEST16-OJNP7ZvOM,CNaWciBKu4nMCavPO4Ldo,1686240532000,1685004872000
_zR19hEST16-OJNP7ZvOM,kwDP0tjSPolsKWaaVS4eR,1684868791000,1684868777000
_zR19hEST16-OJNP7ZvOM,YGeybqYWwm2-fg0bFkUin,1709771730000,1684747154000
_zR19hEST16-OJNP7ZvOM,sCJlnWxTWTQ7eH7lAgJiZ,1684744265000,1684664790000
HyxMx-13tDaRyOXecI6Rz,Uupa3zHa0DwmPYHxqCUk6,1684653023000,1684653023000
_zR19hEST16-OJNP7ZvOM,Uupa3zHa0DwmPYHxqCUk6,1684653023000,1684653023000
_zR19hEST16-OJNP7ZvOM,HqZr5_QRlbydvzDlXVSxD,1684481018000,1684481009000
_zR19hEST16-OJNP7ZvOM,"7SOdJwXzzf4JBDHBd_aBc",1685448047000,1684479871000
_zR19hEST16-OJNP7ZvOM,goP7mmTOY5qoIHaUNC8V4,1684744361000,1684271174000
_zR19hEST16-OJNP7ZvOM,CAWmB8ZfnsGYd2xF51NGc,1684744380000,1684041928000
_zR19hEST16-OJNP7ZvOM,RoWgbnz3DPcuui1NG_5cG,1685448060000,1683939602000
_zR19hEST16-OJNP7ZvOM,Q5avePCIp2219ZVlJ52Jj,1683837800000,1683837790000
_zR19hEST16-OJNP7ZvOM,p4FPenwGPjcMXlbU9Y70i,1684744480000,1683764067000
_zR19hEST16-OJNP7ZvOM,PG_082z3sXSzgke7wIADG,1685039985000,1683748191000
_zR19hEST16-OJNP7ZvOM,Hu_H_-IzMPB5qZXo8SvN7,1709537612000,1683342179000
MxDn4Cvh11ZXJYOZkjYjJ,hsr9sWG_TMiESLo9gCCxr,1683579930000,1683227016000
_zR19hEST16-OJNP7ZvOM,hsr9sWG_TMiESLo9gCCxr,1683579930000,1683227016000
MxDn4Cvh11ZXJYOZkjYjJ,D4sNwXulmL2z6gSqgzc7d,1683574984000,1683226901000
_zR19hEST16-OJNP7ZvOM,D4sNwXulmL2z6gSqgzc7d,1683574984000,1683226901000
_zR19hEST16-OJNP7ZvOM,-f91Mdf0XQuX8XPPi9swV,1709537612000,1681411313000
_zR19hEST16-OJNP7ZvOM,"56TpUjT6eLFKe2Of8w5_t",1681811411000,1680568588000
"8OkXGU7cv0xbt824RMTKb","56TpUjT6eLFKe2Of8w5_t",1681811411000,1680568588000
kYiAYKfppxHQ0d2W1jLSp,pkY5VRD91YWXX0AYIT8Qt,1684744576000,1680567962000
_zR19hEST16-OJNP7ZvOM,pkY5VRD91YWXX0AYIT8Qt,1684744576000,1680567962000
"8OkXGU7cv0xbt824RMTKb",pkY5VRD91YWXX0AYIT8Qt,1684744576000,1680567962000
MxDn4Cvh11ZXJYOZkjYjJ,qyhnHQo5MX_O15GeAOoEY,1680568042000,1680548661000
kYiAYKfppxHQ0d2W1jLSp,qyhnHQo5MX_O15GeAOoEY,1680568042000,1680548661000
MxDn4Cvh11ZXJYOZkjYjJ,O_X2gNFEjvX4_m8Sh0jA0,1681480897000,1680336011000
_zR19hEST16-OJNP7ZvOM,O_X2gNFEjvX4_m8Sh0jA0,1681480897000,1680336011000
_zR19hEST16-OJNP7ZvOM,wFOe5fd5CIwU46Pggrsoy,1680341645000,1680312752000
MxDn4Cvh11ZXJYOZkjYjJ,"2RTqHBMvaOHkcq5Ldv_0q",1680341662000,1679819306000
_zR19hEST16-OJNP7ZvOM,vc6NI-cMUz74BXqgBTqLb,1680164279000,1679610623000
MxDn4Cvh11ZXJYOZkjYjJ,Qrjv44_PJ1zw2-Ly9kGuH,1681258385000,1679607456000
MxDn4Cvh11ZXJYOZkjYjJ,vUZmerDq0nELFiwd8bHnP,1679593702000,1679552888000
_zR19hEST16-OJNP7ZvOM,vUZmerDq0nELFiwd8bHnP,1679593702000,1679552888000
_zR19hEST16-OJNP7ZvOM,Z4cdvgUqkwEMoHFYxCh24,1683333565000,1679466100000
"8OkXGU7cv0xbt824RMTKb",Z4cdvgUqkwEMoHFYxCh24,1683333565000,1679466100000
ic_g-DZTYDApZR_v7Cdcy,snYqI7sUWdElbDgtcgl34,1680044558000,1679428252000
MxDn4Cvh11ZXJYOZkjYjJ,snYqI7sUWdElbDgtcgl34,1680044558000,1679428252000
_zR19hEST16-OJNP7ZvOM,Xmx8XDTXi9lXAyI-ShBNw,1680637390000,1679348452000
_zR19hEST16-OJNP7ZvOM,QE2eFvZrV3g9bN9hUzalE,1709537611000,1679303742000
MxDn4Cvh11ZXJYOZkjYjJ,SlRUkfYdFGClrDSOh_4e6,1681849183000,1679236811000
_zR19hEST16-OJNP7ZvOM,SlRUkfYdFGClrDSOh_4e6,1681849183000,1679236811000
kYiAYKfppxHQ0d2W1jLSp,MZwjPkwQNzpkrw57gVWcr,1709536330000,1679234721000
_zR19hEST16-OJNP7ZvOM,MZwjPkwQNzpkrw57gVWcr,1709536330000,1679234721000
_zR19hEST16-OJNP7ZvOM,"6EhERUKvk2Az2oQwoSAt9",1683402496000,1678579070000
MxDn4Cvh11ZXJYOZkjYjJ,zc-cGtvCOmXYIHUJrKSqN,1679359407000,1678418742000
kYiAYKfppxHQ0d2W1jLSp,FXgRjIRgQbxf3BvxuWL9M,1678894915000,1678308945000
_zR19hEST16-OJNP7ZvOM,"859py59MYOCv4BPBfdL_y",1709537611000,1678295159000
kYiAYKfppxHQ0d2W1jLSp,mJaf2zc-fsrE0k_C_bgh0,1693817777000,1678268312000
"8OkXGU7cv0xbt824RMTKb",mJaf2zc-fsrE0k_C_bgh0,1693817777000,1678268312000
kYiAYKfppxHQ0d2W1jLSp,kFxkx4JRIedt24BpowFC3,1680568771000,1678236542000
"8OkXGU7cv0xbt824RMTKb",kFxkx4JRIedt24BpowFC3,1680568771000,1678236542000
_zR19hEST16-OJNP7ZvOM,YT4h9n3H_ZNrOuiHYlmoA,1678138925000,1678138908000
_zR19hEST16-OJNP7ZvOM,vSSKL90GWgRgqFRVAbk6F,1691542322000,1677949309000
MxDn4Cvh11ZXJYOZkjYjJ,qR--IkCBAIebGeeZi8FGx,1686081641000,1677894564000
kYiAYKfppxHQ0d2W1jLSp,qR--IkCBAIebGeeZi8FGx,1686081641000,1677894564000
_zR19hEST16-OJNP7ZvOM,qR--IkCBAIebGeeZi8FGx,1686081641000,1677894564000
_zR19hEST16-OJNP7ZvOM,q7joMFz9UkevLyWkubjC2,1694088344000,1677842289000
_zR19hEST16-OJNP7ZvOM,"9LHQncTcD5cVGrQMf7jAS",1677842339000,1677789451000
kYiAYKfppxHQ0d2W1jLSp,fQ5N6benWwiTYuaktIhXi,1690363763000,1677767920000
csY1AZ2pGANQoTsCvqjfE,fQ5N6benWwiTYuaktIhXi,1690363763000,1677767920000
LGBpCgpufXn2VLmVjscEl,ZeDD9LTgg6J2cxLhfU1nM,1677765782000,1677764777000
kYiAYKfppxHQ0d2W1jLSp,ZeDD9LTgg6J2cxLhfU1nM,1677765782000,1677764777000
_zR19hEST16-OJNP7ZvOM,iJXY0shOGBxog0PBYWe_T,1700011707000,1677701162000
_zR19hEST16-OJNP7ZvOM,nmXzY4Jjr9jGDde0PxxKE,1683661893000,1677700990000
_zR19hEST16-OJNP7ZvOM,B6Jpm-sbLu8QN8s2qZ-ky,1679490008000,1677700802000
MxDn4Cvh11ZXJYOZkjYjJ,Va0Urkmmr0hvVdA1KlEBV,1709537625000,1677699474000
_zR19hEST16-OJNP7ZvOM,Va0Urkmmr0hvVdA1KlEBV,1709537625000,1677699474000
MxDn4Cvh11ZXJYOZkjYjJ,M8mfjAnsA7XC4SkPHC1U1,1681819114000,1677699233000
_zR19hEST16-OJNP7ZvOM,M8mfjAnsA7XC4SkPHC1U1,1681819114000,1677699233000
_zR19hEST16-OJNP7ZvOM,do7taZKLKim7p5sYVjGyS,1682371389000,1677699109000
kYiAYKfppxHQ0d2W1jLSp,M7AYjBEI0o2ou09qiMklf,1709580454000,1677671715000
_zR19hEST16-OJNP7ZvOM,"57nIwlDl07Mr-chY_7mTH",1684744728000,1677669813000
_zR19hEST16-OJNP7ZvOM,z3aUW9wgfF6fcsEfiy-Ut,1684744744000,1677616903000
MxDn4Cvh11ZXJYOZkjYjJ,ooi7QtL1QIEfDAg7fJ2Ll,1677617489000,1677601463000
kYiAYKfppxHQ0d2W1jLSp,ooi7QtL1QIEfDAg7fJ2Ll,1677617489000,1677601463000
_zR19hEST16-OJNP7ZvOM,N_zoG-OQkTLODLx233FoP,1677873342000,1677554572000
_zR19hEST16-OJNP7ZvOM,vQ_s0b4lFLLy1kXejIR1p,1677706276000,1677178938000
MxDn4Cvh11ZXJYOZkjYjJ,gtWogKNQPlYZgWawayx1V,1677096274000,1677036559000
csY1AZ2pGANQoTsCvqjfE,gtWogKNQPlYZgWawayx1V,1677096274000,1677036559000
MxDn4Cvh11ZXJYOZkjYjJ,txL1WKD6dr9TjTsDuUu8D,1677754392000,1677035813000
_zR19hEST16-OJNP7ZvOM,txL1WKD6dr9TjTsDuUu8D,1677754392000,1677035813000
_zR19hEST16-OJNP7ZvOM,QuEOZYMU6SWNxI6IVXMAK,1677790411000,1677024009000
_zR19hEST16-OJNP7ZvOM,ltLoJ9hPd_fHUh4SsnySd,1678185815000,1677002707000
csY1AZ2pGANQoTsCvqjfE,"4o--59eZVIs9CbHfxg-GE",1677165207000,1676892695000
csY1AZ2pGANQoTsCvqjfE,CpF_xfi0giKHoUucp8a6E,1677154408000,1676884951000
csY1AZ2pGANQoTsCvqjfE,-aHMbMcRa-52TSNraxxyB,1677093343000,1676884917000
_zR19hEST16-OJNP7ZvOM,j7YYm4ELeHkMM-t3H5NsV,1678194107000,1676567808000
MxDn4Cvh11ZXJYOZkjYjJ,UC7o_pd6dFhaIb8qoDGtK,1677698295000,1676285022000
_zR19hEST16-OJNP7ZvOM,UC7o_pd6dFhaIb8qoDGtK,1677698295000,1676285022000
_zR19hEST16-OJNP7ZvOM,TBUpMPVad3qM1Cy8nJRbc,1677666988000,1676111018000
_zR19hEST16-OJNP7ZvOM,Ti6CuXTnxrY_W_f1iev_r,1677695778000,1676020041000
_zR19hEST16-OJNP7ZvOM,eT2QXxyPgBpJ2mvKe9OVx,1677752055000,1676019971000
_zR19hEST16-OJNP7ZvOM,MsrceOpfLM_rpGQw44AfK,1684746343000,1675965305000
_zR19hEST16-OJNP7ZvOM,Ry3LRznUiySX-I4N1j3N6,1684355253000,1675964410000
_zR19hEST16-OJNP7ZvOM,yQ24dH-V3rH-JjZwiSW1i,1684744885000,1675964370000
MxDn4Cvh11ZXJYOZkjYjJ,NtisAKbNZloKdZCHzXArH,1677698738000,1675936360000
_zR19hEST16-OJNP7ZvOM,NtisAKbNZloKdZCHzXArH,1677698738000,1675936360000
_zR19hEST16-OJNP7ZvOM,Z_tpv354erVHGRnAf0gJP,1677094848000,1675936264000
_zR19hEST16-OJNP7ZvOM,xAyzOlNdHfgU_sYkdnn3x,1683332951000,1675935314000
_zR19hEST16-OJNP7ZvOM,YgP3SDin9RCwKKPW3ZYpO,1677094849000,1675853163000
_zR19hEST16-OJNP7ZvOM,vkpq6VNfOq-R1mUng83op,1677094849000,1675846732000
_zR19hEST16-OJNP7ZvOM,T-R-nI4O6wERQ4AWJZNXT,1677094850000,1675846722000
_zR19hEST16-OJNP7ZvOM,"7m5jBEv2Sn9XycVaM1q4Y",1677094850000,1675761614000
MxDn4Cvh11ZXJYOZkjYjJ,I6hEvwp3lwm2b4b5jKcIq,1677094851000,1675761541000
_zR19hEST16-OJNP7ZvOM,I6hEvwp3lwm2b4b5jKcIq,1677094851000,1675761541000
_zR19hEST16-OJNP7ZvOM,xyodnAzeq9SWhWNH1-fIS,1677094852000,1675419563000
_zR19hEST16-OJNP7ZvOM,"3TUoja2DXvYmP8eVqn0cm",1677094852000,1675419556000
MxDn4Cvh11ZXJYOZkjYjJ,Tckft3fqCqXBy9sTzI0F_,1679818208000,1675121257000
_zR19hEST16-OJNP7ZvOM,Tckft3fqCqXBy9sTzI0F_,1679818208000,1675121257000
_zR19hEST16-OJNP7ZvOM,"0H56vEPUUuZSGUl-RzKYv",1677094853000,1674601715000
kYiAYKfppxHQ0d2W1jLSp,SNR_aE9fn7b5Wzpn0-Qmb,1709536406000,1674548085000
MxDn4Cvh11ZXJYOZkjYjJ,OGe1tnwdeE_3IYZKNqE-i,1677094853000,1674468411000
_zR19hEST16-OJNP7ZvOM,OGe1tnwdeE_3IYZKNqE-i,1677094853000,1674468411000
wShxvytCUdKTRCFsKsdtl,OGe1tnwdeE_3IYZKNqE-i,1677094853000,1674468411000
_zR19hEST16-OJNP7ZvOM,p7wxY5YNUecj_HG39MVYl,1684745997000,1674192863000
O7X5bSqpNXbqa59XH4PC5,A8IJYzC_gzC6ejrn1RFKv,1677091391000,1674056885000
kYiAYKfppxHQ0d2W1jLSp,A8IJYzC_gzC6ejrn1RFKv,1677091391000,1674056885000
MxDn4Cvh11ZXJYOZkjYjJ,wBXewIj2c81V7yXL_eWa2,1677696998000,1673894767000
_zR19hEST16-OJNP7ZvOM,wBXewIj2c81V7yXL_eWa2,1677696998000,1673894767000
wShxvytCUdKTRCFsKsdtl,wBXewIj2c81V7yXL_eWa2,1677696998000,1673894767000
_zR19hEST16-OJNP7ZvOM,"4d-w78fngkUNR2nd284MI",1684892165000,1673617527000
iRywMhC1XGIlxM79HoWZS,"4d-w78fngkUNR2nd284MI",1684892165000,1673617527000
_zR19hEST16-OJNP7ZvOM,CaK0J5eeX10pPH0LmvND6,1677705585000,1673469405000
_zR19hEST16-OJNP7ZvOM,h_P5TxjqbvTCfqnduTxlm,1677697408000,1673447552000
wShxvytCUdKTRCFsKsdtl,h_P5TxjqbvTCfqnduTxlm,1677697408000,1673447552000
_zR19hEST16-OJNP7ZvOM,CmTCA2KniOlv8idFsiTbP,1678113601000,1673430794000
O-TOAWhGViF_orT6LUAeJ,WDpWkLYwqh5-ivAe6JUB6,1684746615000,1673258564000
kYiAYKfppxHQ0d2W1jLSp,WDpWkLYwqh5-ivAe6JUB6,1684746615000,1673258564000
_zR19hEST16-OJNP7ZvOM,U9L_QRq8r0p27ZcMYlQ7H,1677698463000,1673229920000
iRywMhC1XGIlxM79HoWZS,U9L_QRq8r0p27ZcMYlQ7H,1677698463000,1673229920000
MxDn4Cvh11ZXJYOZkjYjJ,D1hkYdF4W_e2afBO8Sq36,1677094854000,1673054992000
_zR19hEST16-OJNP7ZvOM,D1hkYdF4W_e2afBO8Sq36,1677094854000,1673054992000
iRywMhC1XGIlxM79HoWZS,D1hkYdF4W_e2afBO8Sq36,1677094854000,1673054992000
_zR19hEST16-OJNP7ZvOM,PYfC_yMiXwWgXzO2V0ncZ,1684746121000,1672973395000
LGBpCgpufXn2VLmVjscEl,dYjfk3Efw8tZFr_fc7K9y,1681242589000,1672950710000
kYiAYKfppxHQ0d2W1jLSp,dYjfk3Efw8tZFr_fc7K9y,1681242589000,1672950710000
_zR19hEST16-OJNP7ZvOM,NFSnRiWXM86tpWC35kIut,1677094855000,1672939473000
wShxvytCUdKTRCFsKsdtl,NFSnRiWXM86tpWC35kIut,1677094855000,1672939473000
MxDn4Cvh11ZXJYOZkjYjJ,"0K2fsQ-qp2Q1Uk5oltpM9",1677094855000,1672894830000
_zR19hEST16-OJNP7ZvOM,"0K2fsQ-qp2Q1Uk5oltpM9",1677094855000,1672894830000
_zR19hEST16-OJNP7ZvOM,cdWsuUKZ5sgu9TahRetSK,1679346828000,1672882869000
wShxvytCUdKTRCFsKsdtl,cdWsuUKZ5sgu9TahRetSK,1679346828000,1672882869000
MxDn4Cvh11ZXJYOZkjYjJ,YIfRqAwXdGv8V_ZB99s_5,1677094856000,1672881415000
_zR19hEST16-OJNP7ZvOM,YIfRqAwXdGv8V_ZB99s_5,1677094856000,1672881415000
wShxvytCUdKTRCFsKsdtl,YIfRqAwXdGv8V_ZB99s_5,1677094856000,1672881415000
_zR19hEST16-OJNP7ZvOM,bu5Gu8BI5Izq-DNSjvZVG,1677094857000,1672875851000
iRywMhC1XGIlxM79HoWZS,bu5Gu8BI5Izq-DNSjvZVG,1677094857000,1672875851000
MxDn4Cvh11ZXJYOZkjYjJ,eQvf5NTwA7IrQ5Lm2Raps,1677094857000,1672874779000
_zR19hEST16-OJNP7ZvOM,eQvf5NTwA7IrQ5Lm2Raps,1677094857000,1672874779000
iRywMhC1XGIlxM79HoWZS,eQvf5NTwA7IrQ5Lm2Raps,1677094857000,1672874779000
MxDn4Cvh11ZXJYOZkjYjJ,w5UIbcmzHvudFnxpX3lk0,1677094858000,1672872956000
_zR19hEST16-OJNP7ZvOM,w5UIbcmzHvudFnxpX3lk0,1677094858000,1672872956000
iRywMhC1XGIlxM79HoWZS,w5UIbcmzHvudFnxpX3lk0,1677094858000,1672872956000
MxDn4Cvh11ZXJYOZkjYjJ,"9-3eWCzqz3iLkO1e4YdZP",1677094859000,1672871889000
_zR19hEST16-OJNP7ZvOM,"9-3eWCzqz3iLkO1e4YdZP",1677094859000,1672871889000
_zR19hEST16-OJNP7ZvOM,c5nwL8-1RIOtD-7nhZ8K9,1677094859000,1672783416000
kYiAYKfppxHQ0d2W1jLSp,_fpBn8QYuLRZ9OBSXWf15,1678763107000,1672741807000
_zR19hEST16-OJNP7ZvOM,VAL6IFc07pvHccWmY00pg,1709537669000,1672741489000
_zR19hEST16-OJNP7ZvOM,kEj282IgquWxEIwD1U_p1,1677094860000,1672726343000
_zR19hEST16-OJNP7ZvOM,znyGxse2L5-lR5-NUrixH,1684746193000,1671673179000
MxDn4Cvh11ZXJYOZkjYjJ,kYQF1eM1NXqzSISKYjoU5,1683763877000,1671672014000
_zR19hEST16-OJNP7ZvOM,kYQF1eM1NXqzSISKYjoU5,1683763877000,1671672014000
MxDn4Cvh11ZXJYOZkjYjJ,Nx3NmxamoB7soTtyMrcfE,1684746248000,1671671206000
_zR19hEST16-OJNP7ZvOM,Nx3NmxamoB7soTtyMrcfE,1684746248000,1671671206000
iRywMhC1XGIlxM79HoWZS,Nx3NmxamoB7soTtyMrcfE,1684746248000,1671671206000
wShxvytCUdKTRCFsKsdtl,Nx3NmxamoB7soTtyMrcfE,1684746248000,1671671206000
_zR19hEST16-OJNP7ZvOM,VujlSbbYch9U_P1ZyauT8,1683763973000,1671666464000
MxDn4Cvh11ZXJYOZkjYjJ,RK7GrOAKhl-bnUNbnWBRd,1677094860000,1671662636000
_zR19hEST16-OJNP7ZvOM,RK7GrOAKhl-bnUNbnWBRd,1677094860000,1671662636000
iRywMhC1XGIlxM79HoWZS,RK7GrOAKhl-bnUNbnWBRd,1677094860000,1671662636000
kYiAYKfppxHQ0d2W1jLSp,jP6qsc8NaVub5KHv0GUS9,1677703277000,1671590382000
_zR19hEST16-OJNP7ZvOM,UFJjZiGCSP8QdFMe_0t39,1680636120000,1671590071000
iRywMhC1XGIlxM79HoWZS,UFJjZiGCSP8QdFMe_0t39,1680636120000,1671590071000
_zR19hEST16-OJNP7ZvOM,xDzOur0W1r62K-h5A9wYX,1684746367000,1671589975000
MxDn4Cvh11ZXJYOZkjYjJ,o3zV2bl5vZlygIoOV-ToO,1678186223000,1671589049000
_zR19hEST16-OJNP7ZvOM,o3zV2bl5vZlygIoOV-ToO,1678186223000,1671589049000
_zR19hEST16-OJNP7ZvOM,"4q0T060LnThGKHr_XhvYt",1677704576000,1671588980000
_zR19hEST16-OJNP7ZvOM,Fccuabzq0hVES_GDqKxEt,1678763108000,1671588935000
_zR19hEST16-OJNP7ZvOM,"2n0GzU5ohobtwhs6BHAiY",1677781527000,1671588728000
_zR19hEST16-OJNP7ZvOM,"0zTrvA-6aVO8eNdHBoW7G",1678220708000,1671231873000
_zR19hEST16-OJNP7ZvOM,"9YKMkEd9DAe2ZI1wV8MXb",1677093100000,1671222363000
_zR19hEST16-OJNP7ZvOM,HBtkfiTiA7jZ9CSovC7br,1677094861000,1671210573000
_zR19hEST16-OJNP7ZvOM,kN4pldCOlinyctlR_RjwJ,1683763969000,1671091991000
_zR19hEST16-OJNP7ZvOM,D206pQI7AMjje3NeFWqDe,1677094862000,1670960790000
YXyjN2MHhT5nCXLFkCRF3,BXhtvPNgBB250VJrX9Kwo,1677091391000,1670931122000
kYiAYKfppxHQ0d2W1jLSp,BXhtvPNgBB250VJrX9Kwo,1677091391000,1670931122000
YXyjN2MHhT5nCXLFkCRF3,gom9m84NHghSTKc_Qf9rt,1677091392000,1670931059000
kYiAYKfppxHQ0d2W1jLSp,gom9m84NHghSTKc_Qf9rt,1677091392000,1670931059000
kYiAYKfppxHQ0d2W1jLSp,JpaKRaTCbaBever3R1Ucc,1677670789000,1670920420000
d24QQxjGQg_JIWxxtxjKN,sFlYUgbMsvKLkDgWkpjPb,1677090675000,1670920249000
kYiAYKfppxHQ0d2W1jLSp,sFlYUgbMsvKLkDgWkpjPb,1677090675000,1670920249000
d24QQxjGQg_JIWxxtxjKN,LmtZrao_3o2dE0DYKoXWB,1677090676000,1670920108000
YXyjN2MHhT5nCXLFkCRF3,LmtZrao_3o2dE0DYKoXWB,1677090676000,1670920108000
kYiAYKfppxHQ0d2W1jLSp,LmtZrao_3o2dE0DYKoXWB,1677090676000,1670920108000
_zR19hEST16-OJNP7ZvOM,"0SYi2rS6-eptSx9Jli9MG",1677093101000,1670797262000
O-TOAWhGViF_orT6LUAeJ,t8TfRQn4UePo91vNUTSAl,1677090676000,1670640210000
kYiAYKfppxHQ0d2W1jLSp,t8TfRQn4UePo91vNUTSAl,1677090676000,1670640210000
YXyjN2MHhT5nCXLFkCRF3,"66t0PwJqknQA_0wfSHwix",1677091392000,1670586565000
kYiAYKfppxHQ0d2W1jLSp,"66t0PwJqknQA_0wfSHwix",1677091392000,1670586565000
_zR19hEST16-OJNP7ZvOM,"0MqbIfE1OsaggQS9QCZSg",1677093102000,1670566681000
_zR19hEST16-OJNP7ZvOM,mDWurE1JZULLC5izuPPy2,1677094862000,1670557584000
MxDn4Cvh11ZXJYOZkjYjJ,TSwpUWX58yW4--9Q1HVmf,1677094863000,1670556184000
_zR19hEST16-OJNP7ZvOM,TSwpUWX58yW4--9Q1HVmf,1677094863000,1670556184000
iRywMhC1XGIlxM79HoWZS,TSwpUWX58yW4--9Q1HVmf,1677094863000,1670556184000
MxDn4Cvh11ZXJYOZkjYjJ,cexhW1awUBKv-mrwl75H1,1677094805000,1670556017000
_zR19hEST16-OJNP7ZvOM,cexhW1awUBKv-mrwl75H1,1677094805000,1670556017000
iRywMhC1XGIlxM79HoWZS,cexhW1awUBKv-mrwl75H1,1677094805000,1670556017000
_zR19hEST16-OJNP7ZvOM,G5xQd15DHqZMJI-6RpEOX,1709537709000,1670519427000
_zR19hEST16-OJNP7ZvOM,PzmGfX0MN6GFIRq9XcrHC,1709537714000,1670496437000
MxDn4Cvh11ZXJYOZkjYjJ,UCN2XOVUVt6_-_TR7gy2v,1683763941000,1670456298000
_zR19hEST16-OJNP7ZvOM,UCN2XOVUVt6_-_TR7gy2v,1683763941000,1670456298000
wShxvytCUdKTRCFsKsdtl,UCN2XOVUVt6_-_TR7gy2v,1683763941000,1670456298000
_zR19hEST16-OJNP7ZvOM,uecSgZG32oJ3kDkz2FiVS,1677093103000,1670429266000
iRywMhC1XGIlxM79HoWZS,uecSgZG32oJ3kDkz2FiVS,1677093103000,1670429266000
_zR19hEST16-OJNP7ZvOM,ztk0bpSn6AslFHQ0vPusW,1677093104000,1670429100000
iRywMhC1XGIlxM79HoWZS,ztk0bpSn6AslFHQ0vPusW,1677093104000,1670429100000
YXyjN2MHhT5nCXLFkCRF3,Oi3tH-OXx2Xk1JttpznoR,1677091393000,1670356600000
kYiAYKfppxHQ0d2W1jLSp,Oi3tH-OXx2Xk1JttpznoR,1677091393000,1670356600000
YXyjN2MHhT5nCXLFkCRF3,QrofEPWhnJ6HON5bhFoS1,1677091393000,1670355931000
kYiAYKfppxHQ0d2W1jLSp,QrofEPWhnJ6HON5bhFoS1,1677091393000,1670355931000
kYiAYKfppxHQ0d2W1jLSp,"6s2JjE0lB2jf1bKIR4mX6",1677091394000,1670270830000
kYiAYKfppxHQ0d2W1jLSp,SvrP3QsvXKQLKTm7EQ20X,1677090677000,1669996398000
O-TOAWhGViF_orT6LUAeJ,bRj2O2xT-_O_tF50pC1So,1677091394000,1669995285000
kYiAYKfppxHQ0d2W1jLSp,bRj2O2xT-_O_tF50pC1So,1677091394000,1669995285000
O-TOAWhGViF_orT6LUAeJ,"4zSeBfb_JgIkGNOdXvZQs",1709536435000,1669921382000
kYiAYKfppxHQ0d2W1jLSp,"4zSeBfb_JgIkGNOdXvZQs",1709536435000,1669921382000
O-TOAWhGViF_orT6LUAeJ,xmEjX4ev_l1sVcqZRLNOR,1677091395000,1669921182000
kYiAYKfppxHQ0d2W1jLSp,xmEjX4ev_l1sVcqZRLNOR,1677091395000,1669921182000
O-TOAWhGViF_orT6LUAeJ,X-TwNXBDwTeQB0Mav31bU,1709537728000,1669918206000
kYiAYKfppxHQ0d2W1jLSp,X-TwNXBDwTeQB0Mav31bU,1709537728000,1669918206000
kYiAYKfppxHQ0d2W1jLSp,uUS71yCwTy-mMs2Gs1Kp7,1677091395000,1669859640000
MxDn4Cvh11ZXJYOZkjYjJ,lsleH54u3UHhe1yORfDs0,1677094805000,1669160057000
_zR19hEST16-OJNP7ZvOM,lsleH54u3UHhe1yORfDs0,1677094805000,1669160057000
iRywMhC1XGIlxM79HoWZS,lsleH54u3UHhe1yORfDs0,1677094805000,1669160057000
kYiAYKfppxHQ0d2W1jLSp,ezbhPEJI1y-hMhjqjB4Yr,1677091396000,1669152917000
_zR19hEST16-OJNP7ZvOM,FhcBxO3pSA8N_22_ekl-f,1677093058000,1669113771000
O-TOAWhGViF_orT6LUAeJ,UQcxWkedGQT8ZMwmBMCCv,1709536564000,1669067459000
kYiAYKfppxHQ0d2W1jLSp,UQcxWkedGQT8ZMwmBMCCv,1709536564000,1669067459000
kYiAYKfppxHQ0d2W1jLSp,FoZDjD9_skSMC392IvUBH,1709536584000,1669056139000
kYiAYKfppxHQ0d2W1jLSp,Ew5-8LTOhhub9yJ6SK9kR,1709536597000,1669025950000
kYiAYKfppxHQ0d2W1jLSp,ZPt81ToAqtVOCfUGdOxje,1677091397000,1668897563000
_zR19hEST16-OJNP7ZvOM,sOF6posuPS3lQ3-Y3WTYy,1691541923000,1668740935000
HgsJeWYH-psK03VYxlxkn,sOF6posuPS3lQ3-Y3WTYy,1691541923000,1668740935000
kYiAYKfppxHQ0d2W1jLSp,EpQ6oAOuDW6QCX5QtHBbk,1677091397000,1668464279000
kYiAYKfppxHQ0d2W1jLSp,gigTXIcN8cXbUDQTEPn2r,1677091398000,1668464253000
d24QQxjGQg_JIWxxtxjKN,AN6TTWBD46q_E1tCS4LyC,1677091398000,1668422175000
kYiAYKfppxHQ0d2W1jLSp,AN6TTWBD46q_E1tCS4LyC,1677091398000,1668422175000
LGBpCgpufXn2VLmVjscEl,NRrzGEnN_0Ya4PX8QKRqO,1677091399000,1668314041000
kYiAYKfppxHQ0d2W1jLSp,NRrzGEnN_0Ya4PX8QKRqO,1677091399000,1668314041000
kYiAYKfppxHQ0d2W1jLSp,R3o_bo6z1J9azyjTK7cHf,1677091400000,1668083173000
kYiAYKfppxHQ0d2W1jLSp,W37d7VfBqh58X2Mdq71qw,1677091401000,1668082894000
lBKeew-TH9Q1xk7a31D-B,"4wBDlh9b774qfGD3pWe6d",1677090538000,1667987251000
O-TOAWhGViF_orT6LUAeJ,"4wBDlh9b774qfGD3pWe6d",1677090538000,1667987251000
kYiAYKfppxHQ0d2W1jLSp,"4wBDlh9b774qfGD3pWe6d",1677090538000,1667987251000
_zR19hEST16-OJNP7ZvOM,yFQwxM7cOFO5508Fmjl1w,1683342026000,1667864174000
O-TOAWhGViF_orT6LUAeJ,"0MrPG9OT6P3cWTVT7hCL9",1677090539000,1667677795000
kYiAYKfppxHQ0d2W1jLSp,"0MrPG9OT6P3cWTVT7hCL9",1677090539000,1667677795000
_zR19hEST16-OJNP7ZvOM,Ch_t1N6EnWEtPeiEpOPgR,1677094806000,1667619962000
d24QQxjGQg_JIWxxtxjKN,wZ_Uj_yveXV11BiLu8wVB,1677091402000,1667554360000
YXyjN2MHhT5nCXLFkCRF3,wZ_Uj_yveXV11BiLu8wVB,1677091402000,1667554360000
kYiAYKfppxHQ0d2W1jLSp,wZ_Uj_yveXV11BiLu8wVB,1677091402000,1667554360000
_zR19hEST16-OJNP7ZvOM,ciXzk53Xm-XiKsrpdr0yw,1677094812000,1667502691000
O7X5bSqpNXbqa59XH4PC5,RssVf1DE2spPv8zN2vg5R,1677091402000,1667487765000
d24QQxjGQg_JIWxxtxjKN,RssVf1DE2spPv8zN2vg5R,1677091402000,1667487765000
kYiAYKfppxHQ0d2W1jLSp,RssVf1DE2spPv8zN2vg5R,1677091402000,1667487765000
O-TOAWhGViF_orT6LUAeJ,Ohdwwu22-vX_ImbuTrFv3,1677091403000,1666975101000
kYiAYKfppxHQ0d2W1jLSp,Ohdwwu22-vX_ImbuTrFv3,1677091403000,1666975101000
"8I74WymPStQmYR5qH0qhL",YcbGG99oyIW41HwRc09v5,1709536620000,1666296229000
kYiAYKfppxHQ0d2W1jLSp,YcbGG99oyIW41HwRc09v5,1709536620000,1666296229000
_zR19hEST16-OJNP7ZvOM,YcbGG99oyIW41HwRc09v5,1709536620000,1666296229000
"3TZzFMI-b6rhOmEMd6vva",YcbGG99oyIW41HwRc09v5,1709536620000,1666296229000
"8I74WymPStQmYR5qH0qhL",mrh64by3B9b6MRHbzkLQP,1677090672000,1666168138000
YF4G744_sJxg1hbAA1k4X,mrh64by3B9b6MRHbzkLQP,1677090672000,1666168138000
HyxMx-13tDaRyOXecI6Rz,mrh64by3B9b6MRHbzkLQP,1677090672000,1666168138000
kYiAYKfppxHQ0d2W1jLSp,mrh64by3B9b6MRHbzkLQP,1677090672000,1666168138000
d24QQxjGQg_JIWxxtxjKN,f9HpKYDyeknjCeeqiB8Op,1677090540000,1666118695000
YXyjN2MHhT5nCXLFkCRF3,f9HpKYDyeknjCeeqiB8Op,1677090540000,1666118695000
kYiAYKfppxHQ0d2W1jLSp,f9HpKYDyeknjCeeqiB8Op,1677090540000,1666118695000
O7X5bSqpNXbqa59XH4PC5,"8tyDj9FUJWQ5qd2JEP3KS",1677090541000,1665587844000
O-TOAWhGViF_orT6LUAeJ,"8tyDj9FUJWQ5qd2JEP3KS",1677090541000,1665587844000
kYiAYKfppxHQ0d2W1jLSp,"8tyDj9FUJWQ5qd2JEP3KS",1677090541000,1665587844000
O7X5bSqpNXbqa59XH4PC5,vuUo7EbodLwWIfEiDk24K,1686065391000,1665349885000
YXyjN2MHhT5nCXLFkCRF3,vuUo7EbodLwWIfEiDk24K,1686065391000,1665349885000
kYiAYKfppxHQ0d2W1jLSp,vuUo7EbodLwWIfEiDk24K,1686065391000,1665349885000
_zR19hEST16-OJNP7ZvOM,vuUo7EbodLwWIfEiDk24K,1686065391000,1665349885000
"8OkXGU7cv0xbt824RMTKb",vuUo7EbodLwWIfEiDk24K,1686065391000,1665349885000
HyxMx-13tDaRyOXecI6Rz,kWW8COhKn1V7KvaHCOY1w,1677091403000,1665043671000
YXyjN2MHhT5nCXLFkCRF3,kWW8COhKn1V7KvaHCOY1w,1677091403000,1665043671000
kYiAYKfppxHQ0d2W1jLSp,kWW8COhKn1V7KvaHCOY1w,1677091403000,1665043671000
_zR19hEST16-OJNP7ZvOM,"1uhZj7HqOSXjxmdcFpmTQ",1677094806000,1665015474000
O-TOAWhGViF_orT6LUAeJ,"1YV1D50AA5UoI5F0uK09J",1677090543000,1664966218000
kYiAYKfppxHQ0d2W1jLSp,"1YV1D50AA5UoI5F0uK09J",1677090543000,1664966218000
HyxMx-13tDaRyOXecI6Rz,QY0za0ktqSbHaA_JzvYZm,1677090543000,1664900962000
O-TOAWhGViF_orT6LUAeJ,QY0za0ktqSbHaA_JzvYZm,1677090543000,1664900962000
kYiAYKfppxHQ0d2W1jLSp,QY0za0ktqSbHaA_JzvYZm,1677090543000,1664900962000
kYiAYKfppxHQ0d2W1jLSp,tgbUKd8vRsIZIvVOEIyh8,1677091404000,1664899985000
kYiAYKfppxHQ0d2W1jLSp,iTnEytlglorlzOde51wrS,1677091404000,1664839588000
O-TOAWhGViF_orT6LUAeJ,MhUcjqKALpjUQ9qkuhuT0,1677090544000,1664553725000
kYiAYKfppxHQ0d2W1jLSp,MhUcjqKALpjUQ9qkuhuT0,1677090544000,1664553725000
YF4G744_sJxg1hbAA1k4X,Ze0cE2b6VsjLyc0ETGjfQ,1677090545000,1664553538000
O-TOAWhGViF_orT6LUAeJ,Ze0cE2b6VsjLyc0ETGjfQ,1677090545000,1664553538000
kYiAYKfppxHQ0d2W1jLSp,Ze0cE2b6VsjLyc0ETGjfQ,1677090545000,1664553538000
kYiAYKfppxHQ0d2W1jLSp,jhDamM9QgeCgxNsfIKeH0,1677091405000,1664438479000
_zR19hEST16-OJNP7ZvOM,LtEm7bIDbdzYH4TD6c9sK,1677094812000,1664358118000
kYiAYKfppxHQ0d2W1jLSp,N983dAQkVWxJwlWi8nb_N,1677091437000,1664205709000
_zR19hEST16-OJNP7ZvOM,y0kKlvySjGINkg-qxjRHT,1677093106000,1663900342000
_zR19hEST16-OJNP7ZvOM,Q53sfE7H1E6Je7ZvYJ3x7,1677094807000,1663899945000
O-TOAWhGViF_orT6LUAeJ,MAAYQvduKVZK6RYRd38Ly,1677091221000,1663807148000
kYiAYKfppxHQ0d2W1jLSp,MAAYQvduKVZK6RYRd38Ly,1677091221000,1663807148000
_zR19hEST16-OJNP7ZvOM,UVfTqd4_ev9vol4smUp9d,1677094813000,1663806840000
MxDn4Cvh11ZXJYOZkjYjJ,SZ8UieCHMznEsf_Q6EybI,1681147166000,1663741115000
_zR19hEST16-OJNP7ZvOM,SZ8UieCHMznEsf_Q6EybI,1681147166000,1663741115000
kYiAYKfppxHQ0d2W1jLSp,BN8qxUwQ58_bGcy1crLbR,1677091438000,1663600288000
O-TOAWhGViF_orT6LUAeJ,HxotH2CR2e4AsbnkpR-ZD,1677091439000,1663594246000
kYiAYKfppxHQ0d2W1jLSp,HxotH2CR2e4AsbnkpR-ZD,1677091439000,1663594246000
kYiAYKfppxHQ0d2W1jLSp,zVe6i8D895rFEjlRZ4LtW,1677091447000,1663594083000
kYiAYKfppxHQ0d2W1jLSp,ObHwvKvMqY5uHhQ6JVhVQ,1677091439000,1663349873000
_zR19hEST16-OJNP7ZvOM,PB7lAOkUHhL5Q5Xrgi_DY,1677094807000,1663293806000
_zR19hEST16-OJNP7ZvOM,xtl0ioLiBlRejkZNEfCz1,1677094808000,1663292986000
_zR19hEST16-OJNP7ZvOM,I0FuCh24hdKAroVi8kvMt,1677093059000,1663288597000
_zR19hEST16-OJNP7ZvOM,"0_xC05llckH00ow44OBG_",1677094808000,1663285297000
_zR19hEST16-OJNP7ZvOM,EE3cR-hbWnphH5z32cg1f,1677093060000,1663278756000
_zR19hEST16-OJNP7ZvOM,ktbLINZJqyyfdmawfCpEP,1677094813000,1663278429000
_zR19hEST16-OJNP7ZvOM,z9Cap5OQiu1dgn48WaR6j,1680045031000,1663278154000
_zR19hEST16-OJNP7ZvOM,xSXg2DoQufRwGe__p5SLs,1677094814000,1663246567000
_zR19hEST16-OJNP7ZvOM,My1g7O7guep2Z-OLIvtv5,1677703455000,1663246500000
_zR19hEST16-OJNP7ZvOM,tURezy_ctECa2TpCSYMaZ,1679304621000,1663246342000
_zR19hEST16-OJNP7ZvOM,"9tXxeY4Z69n4Xj2aLCZqE",1677704917000,1663246209000
_zR19hEST16-OJNP7ZvOM,c99Kay_0wR92shCDEyfKV,1677094814000,1663246108000
_zR19hEST16-OJNP7ZvOM,"4KU-kSQIAdfrmqt09_STI",1677704703000,1663246077000
_zR19hEST16-OJNP7ZvOM,eltGpf5xMAK4DDZoVRJQU,1677094815000,1663242199000
_zR19hEST16-OJNP7ZvOM,yXIQjHlkpzyYtd6i2iATz,1677094815000,1663242170000
MxDn4Cvh11ZXJYOZkjYjJ,Jm_xBm09E7h9hhqIE-jRl,1679687456000,1663241947000
_zR19hEST16-OJNP7ZvOM,Jm_xBm09E7h9hhqIE-jRl,1679687456000,1663241947000
kYiAYKfppxHQ0d2W1jLSp,p_5ReMwLkMMCjiu3C_NqE,1677091448000,1663180225000
kYiAYKfppxHQ0d2W1jLSp,nGNZs10-Hn3bJYj3-hIrR,1677091449000,1663180197000
HyxMx-13tDaRyOXecI6Rz,mjumIfM9c03NS78CEFwdj,1677091440000,1663125890000
kYiAYKfppxHQ0d2W1jLSp,mjumIfM9c03NS78CEFwdj,1677091440000,1663125890000
d24QQxjGQg_JIWxxtxjKN,BWCxvrupwSoF2wcIXU3bX,1677090546000,1663087499000
kYiAYKfppxHQ0d2W1jLSp,BWCxvrupwSoF2wcIXU3bX,1677090546000,1663087499000
_zR19hEST16-OJNP7ZvOM,w3ZE0-8JOHV1A-eCT_xZI,1677094816000,1662803581000
pZAk02IsX35VBbmxht3rl,AMvmsOeKXsUeuIp6gSQfa,1677091450000,1662364919000
kYiAYKfppxHQ0d2W1jLSp,AMvmsOeKXsUeuIp6gSQfa,1677091450000,1662364919000
_zR19hEST16-OJNP7ZvOM,X16YYvzWiSnMXb3I58MI8,1677866008000,1661879835000
kYiAYKfppxHQ0d2W1jLSp,U0I3lwUctFFGluv0Rg_PK,1677091450000,1661863457000
kYiAYKfppxHQ0d2W1jLSp,gS-csrfUcMG1mc1dvxcaE,1677091451000,1661854203000
kYiAYKfppxHQ0d2W1jLSp,JTyziL5bz1bnMLoHqwBPc,1677091451000,1661763299000
O-TOAWhGViF_orT6LUAeJ,a04zSxdTm6z7kokm3pw_s,1677090547000,1661535577000
kYiAYKfppxHQ0d2W1jLSp,a04zSxdTm6z7kokm3pw_s,1677090547000,1661535577000
kYiAYKfppxHQ0d2W1jLSp,V8lho3Cqi5_qJaRtvHjPj,1677091441000,1661534432000
kYiAYKfppxHQ0d2W1jLSp,-hS3eXkArDXIEBbRliAbq,1677091441000,1661304014000
O-TOAWhGViF_orT6LUAeJ,w6C-v7kaSKr1ZOvXqkuGs,1677091442000,1659479589000
kYiAYKfppxHQ0d2W1jLSp,w6C-v7kaSKr1ZOvXqkuGs,1677091442000,1659479589000
O-TOAWhGViF_orT6LUAeJ,HLlD662YuR4MaSKF6pmD2,1677090548000,1659458101000
kYiAYKfppxHQ0d2W1jLSp,HLlD662YuR4MaSKF6pmD2,1677090548000,1659458101000
kYiAYKfppxHQ0d2W1jLSp,FlogsI7pWqh5Jhf-nx57-,1677091443000,1659241408000
d24QQxjGQg_JIWxxtxjKN,mGsF2VpVlZpLxNbdhI4FL,1677091443000,1657658482000
kYiAYKfppxHQ0d2W1jLSp,mGsF2VpVlZpLxNbdhI4FL,1677091443000,1657658482000
kYiAYKfppxHQ0d2W1jLSp,"66pxCrNqC19YHf2LdFOXS",1677091444000,1657166229000
kYiAYKfppxHQ0d2W1jLSp,zrpBifgcCO7g1DjYQ1v9A,1677091445000,1657087314000
kYiAYKfppxHQ0d2W1jLSp,jC2ZSB7TCGAhDeK_CTNuj,1677091452000,1656407388000
kYiAYKfppxHQ0d2W1jLSp,bbBCilPYtx_FfumPLQRqG,1677091453000,1656407353000
d24QQxjGQg_JIWxxtxjKN,"0aANjS4hkfgYM6jyk0bnz",1709536712000,1655804122000
YXyjN2MHhT5nCXLFkCRF3,"0aANjS4hkfgYM6jyk0bnz",1709536712000,1655804122000
kYiAYKfppxHQ0d2W1jLSp,"0aANjS4hkfgYM6jyk0bnz",1709536712000,1655804122000
kYiAYKfppxHQ0d2W1jLSp,KUuDk9aUk-QlE5TL2KFn_,1689319383000,1655690311000
O7X5bSqpNXbqa59XH4PC5,bI-IPe9PigVIUaxQaTVMD,1677091453000,1655388699000
kYiAYKfppxHQ0d2W1jLSp,bI-IPe9PigVIUaxQaTVMD,1677091453000,1655388699000
d24QQxjGQg_JIWxxtxjKN,aV8cHC0fy75Qa0VMwrLTN,1677091106000,1655110856000
kYiAYKfppxHQ0d2W1jLSp,aV8cHC0fy75Qa0VMwrLTN,1677091106000,1655110856000
kYiAYKfppxHQ0d2W1jLSp,"1Yh8Tv8C5s5i_qEfPVOu_",1677091446000,1654815577000
kYiAYKfppxHQ0d2W1jLSp,p6KCIi4r8zu6zV7FWa0cV,1677091447000,1654778840000
kYiAYKfppxHQ0d2W1jLSp,uAksUxt6JD6JYgCPFvUo_,1677091478000,1654713850000
kYiAYKfppxHQ0d2W1jLSp,mVgbZcfCvMzf0YIqg1Y0m,1677091478000,1654063892000
kYiAYKfppxHQ0d2W1jLSp,DICKK8bsykenS1luaM5bR,1677091484000,1653699425000
_zR19hEST16-OJNP7ZvOM,"0daDDPiMlexz7joLYgRIN",1677094809000,1653421121000
_zR19hEST16-OJNP7ZvOM,gl0rUV1-DcgaowRvLpoEO,1677094809000,1653420938000
_zR19hEST16-OJNP7ZvOM,Cl9nAIiqlhr4IA1QdJz1Y,1677094810000,1652991575000
_zR19hEST16-OJNP7ZvOM,KolhFMo131bi8uFmKPXxP,1677094810000,1652991426000
kYiAYKfppxHQ0d2W1jLSp,bIWKSeko2WHqv9swUiII4,1677091484000,1652901090000
_zR19hEST16-OJNP7ZvOM,"1jd8fZpOsSj40eUiePVUC",1677094816000,1652794343000
_zR19hEST16-OJNP7ZvOM,G7LZnogDhN6C7K3fcdpYk,1677094817000,1652793175000
HyxMx-13tDaRyOXecI6Rz,"8mw0qcXR-xQt4XVuJsLUB",1677091483000,1652461662000
kYiAYKfppxHQ0d2W1jLSp,"8mw0qcXR-xQt4XVuJsLUB",1677091483000,1652461662000
HyxMx-13tDaRyOXecI6Rz,_9qutFdi5zQ81jObeaLYb,1677090553000,1652362945000
kYiAYKfppxHQ0d2W1jLSp,_9qutFdi5zQ81jObeaLYb,1677090553000,1652362945000
kYiAYKfppxHQ0d2W1jLSp,s6kgd_3FLqz583vhh1PUp,1677091485000,1652120617000
lBKeew-TH9Q1xk7a31D-B,iCzgBp712q79Xv8lMu4J7,1690343278000,1652090575000
kYiAYKfppxHQ0d2W1jLSp,iCzgBp712q79Xv8lMu4J7,1690343278000,1652090575000
lBKeew-TH9Q1xk7a31D-B,vs5FPtr5lLosii1jETfQ4,1677704820000,1651860216000
kYiAYKfppxHQ0d2W1jLSp,vs5FPtr5lLosii1jETfQ4,1677704820000,1651860216000
_zR19hEST16-OJNP7ZvOM,YRaA8okCX62BXlwP6d8OO,1677094811000,1651774383000
HyxMx-13tDaRyOXecI6Rz,ztJ4x5Pq6dt4AiXOHxgg4,1677091483000,1651739499000
O7X5bSqpNXbqa59XH4PC5,ztJ4x5Pq6dt4AiXOHxgg4,1677091483000,1651739499000
d24QQxjGQg_JIWxxtxjKN,ztJ4x5Pq6dt4AiXOHxgg4,1677091483000,1651739499000
YXyjN2MHhT5nCXLFkCRF3,ztJ4x5Pq6dt4AiXOHxgg4,1677091483000,1651739499000
kYiAYKfppxHQ0d2W1jLSp,ztJ4x5Pq6dt4AiXOHxgg4,1677091483000,1651739499000
O7X5bSqpNXbqa59XH4PC5,"4TlAl4BdJNAqtR6rjI-_q",1677091063000,1651738861000
kYiAYKfppxHQ0d2W1jLSp,"4TlAl4BdJNAqtR6rjI-_q",1677091063000,1651738861000
HyxMx-13tDaRyOXecI6Rz,KqfzmQv1M1IHv4MlxHQJ3,1677091482000,1651738795000
O7X5bSqpNXbqa59XH4PC5,KqfzmQv1M1IHv4MlxHQJ3,1677091482000,1651738795000
kYiAYKfppxHQ0d2W1jLSp,KqfzmQv1M1IHv4MlxHQJ3,1677091482000,1651738795000
HyxMx-13tDaRyOXecI6Rz,"2nZ6_q6TAe1h4pQadnjzG",1709536758000,1651738735000
O7X5bSqpNXbqa59XH4PC5,"2nZ6_q6TAe1h4pQadnjzG",1709536758000,1651738735000
kYiAYKfppxHQ0d2W1jLSp,"2nZ6_q6TAe1h4pQadnjzG",1709536758000,1651738735000
YF4G744_sJxg1hbAA1k4X,MS_ADA0IqX5cz12roUDB0,1677091481000,1651693670000
HyxMx-13tDaRyOXecI6Rz,MS_ADA0IqX5cz12roUDB0,1677091481000,1651693670000
kYiAYKfppxHQ0d2W1jLSp,MS_ADA0IqX5cz12roUDB0,1677091481000,1651693670000
kYiAYKfppxHQ0d2W1jLSp,"8ptyVwdA5xue16kPC0cUl",1677091486000,1651661645000
_zR19hEST16-OJNP7ZvOM,MkEeAADAlOWv2sKgvQcoB,1677094811000,1651610358000
kYiAYKfppxHQ0d2W1jLSp,cmNezw-IwDiR4s7r6Iv0k,1677091486000,1651604298000
kYiAYKfppxHQ0d2W1jLSp,bnsnliVDixMU36BmevLrZ,1677091487000,1651389331000
kYiAYKfppxHQ0d2W1jLSp,mtxFCKynw84ZemGw1t4rl,1677091063000,1651268133000
kYiAYKfppxHQ0d2W1jLSp,qdDqYR6kNrdt3fmGyAuWS,1677091488000,1651267852000
kYiAYKfppxHQ0d2W1jLSp,KyQlqsKdfuk_CC6IeO4mT,1677091064000,1651183672000
kYiAYKfppxHQ0d2W1jLSp,Wwpj_ocWQadyE_Fa0moV9,1677091065000,1651049044000
kYiAYKfppxHQ0d2W1jLSp,jZMXbzDw01_CmXMZ3vM0z,1677091488000,1650981842000
kYiAYKfppxHQ0d2W1jLSp,slf7fb_6GOoSn-oma8F0y,1677091489000,1650794875000
kYiAYKfppxHQ0d2W1jLSp,gckqvrz5Xcx9AzWO7nYwy,1677091489000,1650665082000
kYiAYKfppxHQ0d2W1jLSp,VJrT_lsZaglNI0YzlL8Qa,1677091490000,1650598645000
YF4G744_sJxg1hbAA1k4X,MVNshVElWxV4obDWwg_E4,1677091481000,1650484834000
HyxMx-13tDaRyOXecI6Rz,MVNshVElWxV4obDWwg_E4,1677091481000,1650484834000
kYiAYKfppxHQ0d2W1jLSp,MVNshVElWxV4obDWwg_E4,1677091481000,1650484834000
HyxMx-13tDaRyOXecI6Rz,oZa3voWumsi0nsdzOoXHn,1677094769000,1648201762000
_zR19hEST16-OJNP7ZvOM,oZa3voWumsi0nsdzOoXHn,1677094769000,1648201762000
_zR19hEST16-OJNP7ZvOM,gA9A9pgljdEh6_hv-cUov,1677093054000,1647910333000
_zR19hEST16-OJNP7ZvOM,L3U1O8LZ9aHznzFxgKe5u,1677094769000,1647909438000
_zR19hEST16-OJNP7ZvOM,iTorjUy7-7eZ3s2eLSrJI,1677093602000,1647909156000
MxDn4Cvh11ZXJYOZkjYjJ,"9Xg_d8fLu0FJk_3_WOkBb",1677094770000,1647672065000
_zR19hEST16-OJNP7ZvOM,"9Xg_d8fLu0FJk_3_WOkBb",1677094770000,1647672065000
iRywMhC1XGIlxM79HoWZS,"9Xg_d8fLu0FJk_3_WOkBb",1677094770000,1647672065000
MxDn4Cvh11ZXJYOZkjYjJ,G3Y8HOtttXVHq9lDqCO9R,1677094770000,1647671937000
_zR19hEST16-OJNP7ZvOM,G3Y8HOtttXVHq9lDqCO9R,1677094770000,1647671937000
iRywMhC1XGIlxM79HoWZS,G3Y8HOtttXVHq9lDqCO9R,1677094770000,1647671937000
_zR19hEST16-OJNP7ZvOM,NnQSsduxnjkJa-3xMjLqA,1677094771000,1647373539000
MxDn4Cvh11ZXJYOZkjYjJ,hVF5Qjgb4NtorcRApYFf3,1677094771000,1647372670000
_zR19hEST16-OJNP7ZvOM,hVF5Qjgb4NtorcRApYFf3,1677094771000,1647372670000
iRywMhC1XGIlxM79HoWZS,hVF5Qjgb4NtorcRApYFf3,1677094771000,1647372670000
_zR19hEST16-OJNP7ZvOM,ymXYscvvL17Z-gPhreFrJ,1677094772000,1647372600000
_zR19hEST16-OJNP7ZvOM,yEFLQ6xLl-mn_IT5cSg3b,1677702981000,1647372464000
_zR19hEST16-OJNP7ZvOM,C5xZ7-mdn6HvNY0DdaUpb,1677094772000,1647076885000
kYiAYKfppxHQ0d2W1jLSp,AMwS1QGlGdcD-CUHX4aDt,1690343109000,1646950633000
_zR19hEST16-OJNP7ZvOM,OF-X5p9YFMFBOXGZojNHw,1677093606000,1646772163000
kYiAYKfppxHQ0d2W1jLSp,z47B8ust9TzFOX2qpjKtt,1677704847000,1646770686000
_zR19hEST16-OJNP7ZvOM,VTkq5SJThomH_-HUdqHC9,1677093607000,1646761594000
kYiAYKfppxHQ0d2W1jLSp,boJ4amDiykt1QpBBZi4af,1677091491000,1646707591000
_zR19hEST16-OJNP7ZvOM,doAMnYlz8vrRQsWxtY8DF,1677093608000,1646707024000
HyxMx-13tDaRyOXecI6Rz,_EIQUWiyG3kD9i7bsOoTV,1681243071000,1646706949000
_zR19hEST16-OJNP7ZvOM,_EIQUWiyG3kD9i7bsOoTV,1681243071000,1646706949000
_zR19hEST16-OJNP7ZvOM,bUPHRFd58OwFTd73qpvqT,1684383883000,1646706356000
_zR19hEST16-OJNP7ZvOM,yVj1zOD3d8Ac7AW0USItb,1677093608000,1646706257000
_zR19hEST16-OJNP7ZvOM,veg_CSOsSp-Kl1yhB11b0,1677093609000,1646706066000
_zR19hEST16-OJNP7ZvOM,zavlYe0tM2k8Cd1Hhe1oV,1677093610000,1646705929000
_zR19hEST16-OJNP7ZvOM,igeECdxpLjM57JF3NHlLT,1677093610000,1646705883000
_zR19hEST16-OJNP7ZvOM,"0TotK1tuZFxFXthQ_WBbu",1677093056000,1646705730000
_zR19hEST16-OJNP7ZvOM,"2fVC187meiZ9ta39EpxRj",1677093057000,1646705499000
_zR19hEST16-OJNP7ZvOM,ITE0vq4xtyRQcJCBsVCCc,1677093498000,1646705410000
_zR19hEST16-OJNP7ZvOM,cnuWKNv7CiGiiiKF3hiaV,1677093065000,1646705368000
MxDn4Cvh11ZXJYOZkjYjJ,Ssw407hnzRxkq9qxjB4VI,1677704948000,1646705323000
_zR19hEST16-OJNP7ZvOM,Ssw407hnzRxkq9qxjB4VI,1677704948000,1646705323000
_zR19hEST16-OJNP7ZvOM,aV6nM8f0Qr2Hc8A91q9CT,1677704986000,1646705287000
iRywMhC1XGIlxM79HoWZS,aV6nM8f0Qr2Hc8A91q9CT,1677704986000,1646705287000
_zR19hEST16-OJNP7ZvOM,J9HZcO1Q86K3d75M1I7sM,1677093500000,1646705220000
_zR19hEST16-OJNP7ZvOM,VRpbBmU-uZBULvFGhpwru,1677093501000,1646705166000
_zR19hEST16-OJNP7ZvOM,OQPzDXIhsddK9TNefJIIf,1677093501000,1646705122000
_zR19hEST16-OJNP7ZvOM,lmMmnhdd5zR6wjTC5Blph,1678376844000,1646705030000
_zR19hEST16-OJNP7ZvOM,oDYo4rX4-Q5R2MApWlVkp,1677093502000,1646704991000
_zR19hEST16-OJNP7ZvOM,xDVlNUOoYCK1X8H78brz_,1677698531000,1646704962000
_zR19hEST16-OJNP7ZvOM,UL9p6OuZRrHsVCW4rUGVv,1681146778000,1646704792000
kYiAYKfppxHQ0d2W1jLSp,"2XJzJy2BYngWWUF-cc7LY",1677091492000,1646451304000
_zR19hEST16-OJNP7ZvOM,-s-7JuRdK5po4Te_CmiqA,1677093503000,1646289836000
O7X5bSqpNXbqa59XH4PC5,"82oVVllmrIYHYPGbaDwXZ",1677093504000,1646203893000
_zR19hEST16-OJNP7ZvOM,"82oVVllmrIYHYPGbaDwXZ",1677093504000,1646203893000
_zR19hEST16-OJNP7ZvOM,mD8kei9d9ay7xVOozVo_U,1677093504000,1646175391000
_zR19hEST16-OJNP7ZvOM,HflGUiig7qx-antN2p-Hb,1677093505000,1645862940000
_zR19hEST16-OJNP7ZvOM,uTPaTRvYiHjNsjyQtr8Ou,1677093506000,1645846385000
_zR19hEST16-OJNP7ZvOM,WPfQD0ViKhZJWWZIU78gP,1677093506000,1645846178000
O7X5bSqpNXbqa59XH4PC5,lBxK59WH_zVrsTABv5o5z,1677093068000,1645666250000
_zR19hEST16-OJNP7ZvOM,lBxK59WH_zVrsTABv5o5z,1677093068000,1645666250000
_zR19hEST16-OJNP7ZvOM,bjCcZRrgs0o2pf6lCgHUZ,1677093507000,1645168043000
MxDn4Cvh11ZXJYOZkjYjJ,uRhaQ6_Q635H4g3WwJvO5,1680637355000,1645087311000
HyxMx-13tDaRyOXecI6Rz,uRhaQ6_Q635H4g3WwJvO5,1680637355000,1645087311000
O7X5bSqpNXbqa59XH4PC5,uRhaQ6_Q635H4g3WwJvO5,1680637355000,1645087311000
_zR19hEST16-OJNP7ZvOM,uRhaQ6_Q635H4g3WwJvO5,1680637355000,1645087311000
_zR19hEST16-OJNP7ZvOM,qIS_bVLLjzfv0twuNsw0S,1677093508000,1644313813000
O7X5bSqpNXbqa59XH4PC5,o67nWa46P-P9kWRsc9aDa,1677093069000,1644303943000
_zR19hEST16-OJNP7ZvOM,o67nWa46P-P9kWRsc9aDa,1677093069000,1644303943000
kYiAYKfppxHQ0d2W1jLSp,w2pqemp2wzHziXK1Cslth,1677091067000,1643910324000
_zR19hEST16-OJNP7ZvOM,xkMt_GYfh2tXtvtFrsswW,1677093508000,1643707326000
_zR19hEST16-OJNP7ZvOM,"5vhM9LcujDBpEWXKEO-W_",1677093509000,1643707191000
_zR19hEST16-OJNP7ZvOM,"1j8tnx0eVLybcbf8W7PkU",1677093509000,1643660941000
_zR19hEST16-OJNP7ZvOM,dvFMulgoDz1hRNO8pd9s5,1677093510000,1643660443000
_zR19hEST16-OJNP7ZvOM,qaYILbO6MwgV0O_iESnt0,1677093511000,1643660085000
_zR19hEST16-OJNP7ZvOM,rQo1DeZZgBnqWT7wvBXHS,1677093511000,1643619617000
kYiAYKfppxHQ0d2W1jLSp,CCsMsi5XESPApUiyOXfiM,1677091068000,1643107991000
kYiAYKfppxHQ0d2W1jLSp,KCAtXyO9hPZTNM4dJHwKp,1709536788000,1643040648000
HyxMx-13tDaRyOXecI6Rz,oj7ViYmOhygtxCuG5Q1HN,1677091480000,1641490066000
kYiAYKfppxHQ0d2W1jLSp,oj7ViYmOhygtxCuG5Q1HN,1677091480000,1641490066000
kYiAYKfppxHQ0d2W1jLSp,t9yIshNCWN_5966ApVXM1,1677091069000,1638479334000
HyxMx-13tDaRyOXecI6Rz,"6OyQRI1-b_bc6mzgevMKg",1677091479000,1637716073000
kYiAYKfppxHQ0d2W1jLSp,"6OyQRI1-b_bc6mzgevMKg",1677091479000,1637716073000
kYiAYKfppxHQ0d2W1jLSp,zHk5PvZbKetkVVQkX1Ynu,1709599717000,1637292977000
kYiAYKfppxHQ0d2W1jLSp,izxfni_zPjeOA49N-oMWr,1677091070000,1637270184000
kYiAYKfppxHQ0d2W1jLSp,yim3tSni-ncY5B1fEtazj,1677091071000,1637270059000
kYiAYKfppxHQ0d2W1jLSp,YXDDa24OnTfb4ouoaA8aP,1677091071000,1637269908000
kYiAYKfppxHQ0d2W1jLSp,y7I5m2BZbTaBw11cJKv4O,1677091072000,1636996283000
kYiAYKfppxHQ0d2W1jLSp,yIUPmTFehw2TgOSSZNG_Y,1677091073000,1636677659000
kYiAYKfppxHQ0d2W1jLSp,J3-tsjZxV8PlJSH44m3w1,1677091073000,1636136927000
kYiAYKfppxHQ0d2W1jLSp,QuTzFD3KoD-vdbFGPROzl,1677091074000,1635372592000
kYiAYKfppxHQ0d2W1jLSp,zceznydiV_dcsp1cGmsvd,1677091492000,1633969950000
HyxMx-13tDaRyOXecI6Rz,UgayxjXiqQZn8_Yt9F5qq,1677091479000,1633383521000
kYiAYKfppxHQ0d2W1jLSp,UgayxjXiqQZn8_Yt9F5qq,1677091479000,1633383521000
kYiAYKfppxHQ0d2W1jLSp,HO85ObWb4MZiZkq638vuk,1690343136000,1632901452000
kYiAYKfppxHQ0d2W1jLSp,"4jSfGKGJZnmJB7wqIfWZo",1677705190000,1632896484000
HyxMx-13tDaRyOXecI6Rz,ZaW0CXuewcGZov8DUJ5HK,1709536814000,1632728493000
O7X5bSqpNXbqa59XH4PC5,ZaW0CXuewcGZov8DUJ5HK,1709536814000,1632728493000
kYiAYKfppxHQ0d2W1jLSp,ZaW0CXuewcGZov8DUJ5HK,1709536814000,1632728493000
HyxMx-13tDaRyOXecI6Rz,WtLd19bqTJ38S6scp1OA0,1677090551000,1632728420000
kYiAYKfppxHQ0d2W1jLSp,WtLd19bqTJ38S6scp1OA0,1677090551000,1632728420000
HyxMx-13tDaRyOXecI6Rz,k1RWJfF-aQu5SoB5E-q56,1690343026000,1632728384000
kYiAYKfppxHQ0d2W1jLSp,k1RWJfF-aQu5SoB5E-q56,1690343026000,1632728384000
HyxMx-13tDaRyOXecI6Rz,LZnu7lfrjDvi8k-3XbZox,1690342957000,1632727574000
kYiAYKfppxHQ0d2W1jLSp,LZnu7lfrjDvi8k-3XbZox,1690342957000,1632727574000
HyxMx-13tDaRyOXecI6Rz,rmuRNbTUJ43LPAV_UbdzJ,1690342899000,1632727447000
kYiAYKfppxHQ0d2W1jLSp,rmuRNbTUJ43LPAV_UbdzJ,1690342899000,1632727447000
HyxMx-13tDaRyOXecI6Rz,WV-Eq1VhQLCdOhcArGQKC,1690342830000,1632726928000
kYiAYKfppxHQ0d2W1jLSp,WV-Eq1VhQLCdOhcArGQKC,1690342830000,1632726928000
kYiAYKfppxHQ0d2W1jLSp,awv6JbOAI38Ed3q8-Iy3c,1677091076000,1632264884000
kYiAYKfppxHQ0d2W1jLSp,iRTV6NFibyB7ggIKJoW1R,1709536838000,1630877666000
HyxMx-13tDaRyOXecI6Rz,-guR4swz7EX7CeNnEQI3P,1677090671000,1630665606000
kYiAYKfppxHQ0d2W1jLSp,-guR4swz7EX7CeNnEQI3P,1677090671000,1630665606000
kYiAYKfppxHQ0d2W1jLSp,"7bHPpjhEyp7j726iOKQab",1677091077000,1630491141000
kYiAYKfppxHQ0d2W1jLSp,"058B73_9XTp1ayBO4K1n3",1677091078000,1628806363000
kYiAYKfppxHQ0d2W1jLSp,H-s5GYmv65OM8Cn6XhCvK,1677091079000,1619807318000
kYiAYKfppxHQ0d2W1jLSp,"3O2nk8ljXPknw7Hl_Azyj",1677090669000,1618609999000
